Cycle,Potential,Current
1,0.01,-0.00012
1,0.20,-0.00018
1,0.40,-0.00031
1,0.60,-0.00022
1,0.80,0.00005
1,1.00,0.00018
1,0.80,0.00012
1,0.60,-0.00002
1,0.40,-0.00014
1,0.20,-0.00017
1,0.01,-0.00011
2,0.01,-0.00010
2,0.20,-0.00016
2,0.40,-0.00028
2,0.60,-0.00019
2,0.80,0.00008
2,1.00,0.00021
2,0.80,0.00014
2,0.60,0.00000
2,0.40,-0.00012
2,0.20,-0.00015
2,0.01,-0.00010
